{"cameraMode":{"drawMode":0,"name":"Shaded","section":"Shading Mode"},"sceneLighting":true,"audioPlay":false,"sceneViewState":{"showFog":true,"showMaterialUpdate":false,"showSkybox":true,"showFlares":true,"showImageEffects":true,"showParticleSystems":true},"in2DMode":false,"pivot":{"x":45.200504302978519,"y":-0.8147625923156738,"z":-117.92103576660156},"rotation":{"x":-0.042866501957178119,"y":-0.9464350342750549,"z":-0.1412900984287262,"w":0.2871837615966797},"size":16.309894561767579,"orthographic":false}