{"cameraMode":{"drawMode":0,"name":"Shaded","section":"Shading Mode"},"sceneLighting":true,"audioPlay":false,"sceneViewState":{"showFog":true,"showMaterialUpdate":false,"showSkybox":true,"showFlares":true,"showImageEffects":true,"showParticleSystems":true},"in2DMode":false,"pivot":{"x":0.08124303817749024,"y":0.8033051490783691,"z":-0.43154382705688479},"rotation":{"x":-0.0868828296661377,"y":0.9130637645721436,"z":-0.2872617542743683,"w":-0.2761514186859131},"size":75.32359313964844,"orthographic":false}